<?xml version="1.0" encoding="UTF-8"?>
<!DOCTYPE mapper PUBLIC "-//mybatis.org//DTD Mapper 3.0//EN" "http://mybatis.org/dtd/mybatis-3-mapper.dtd">
<mapper namespace="com.cn.employeesystem.mapper.EmployeeMapper">
    <!-- 查询所有员工 -->
    <select id="findAllEmployee" resultType="com.cn.employeesystem.entity.Employee">
        SELECT * FROM employee
    </select>

    <!-- 根据 ID 查询员工 -->
    <select id="findEmployeeById" parameterType="java.lang.String" resultType="com.cn.employeesystem.entity.Employee">
        SELECT * FROM employee WHERE id = #{id}
    </select>

    <!-- 插入新员工 -->
    <insert id="insertEmployee" keyProperty="id" useGeneratedKeys="true">
        INSERT INTO employee (id,name, gender, dept_id, entrydate, create_time, update_time)
        VALUES (#{id},#{name}, #{gender}, #{deptId}, #{entryDate}, NOW(), NULL)
    </insert>
    <update id="updateEmployee">
        update employee set gender = #{gender},dept_id = #{deptId},entrydate = #{entryDate},update_time = now() where id = #{id}
    </update>
    <delete id="deleteEmployee">
        delete from employee where id = #{id}
    </delete>
    <select id="getTotalCount" resultType="java.lang.Integer">
            select count(*) from employee

    </select>
    <select id="findEmployeesByPage" resultType="com.cn.employeesystem.entity.Employee">
        select * from employee limit #{offset},#{pageSize}
--         select * from employee limit 5,5
--         select * from employee limit 10,5
    </select>
    <delete id="deleteItemsByIds" >

        delete from employee where id in
        <foreach collection="ids" item="id" open="(" close=")" separator="," >
            #{id}
        </foreach>

    </delete>
</mapper>
